{
  "industries": [
    {
      "maturity": [
        "High",
        "Low",
        "Medium"
      ],
      "sector": [
        "B2B",
        "B2C",
        "B2B/B2C"
      ],
      "year": [
        2018,
        2019,
        2020,
        2021,
        2022
      ],
      "industry": [
        "Advertising Agencies",
        "Education & Training Services",
        "Health Information Services",
        "Information Technology Services",
        "Internet Content & Information",
        "Leisure",
        "Software-Application",
        "Software Infrastructure"
      ],
      "industryName": "Industry Average",
      "metrics": {
        "Gross margin": {
          "average": 34,
          "yearData": {
            "2018": 90,
            "2019": 40,
            "2020": 45,
            "2021": 95,
            "2022": 20
          }
        },
        "Operating margin": {
          "average": 45,
          "yearData": {
            "2018": 90,
            "2019": 40,
            "2020": 45,
            "2021": 95,
            "2022": 20
          }
        },
        "Profit margin": {
          "average": 34,
          "yearData": {
            "2018": 90,
            "2019": 40,
            "2020": 45,
            "2021": 95,
            "2022": 20
          }
        },
        "Operating income growth rate": {
          "average": 34,
          "yearData": {
            "2018": 90,
            "2019": 40,
            "2020": 45,
            "2021": 95,
            "2022": 20
          }
        }
      }
    },
    {
      "maturity": [
        "Low",
        "Medium"
      ],
      "sector": [
        "B2B",
        "B2C",
        "B2B/B2C"
      ],
      "year": [
        2018,
        2019,
        2020,
        2021,
        2022
      ],
      "industry": [
        "Advertising Agencies",
        "Education & Training Services",
        "Health Information Services",
        "Information Technology Services",
        "Internet Content & Information",
        "Leisure",
        "Software-Application",
        "Software Infrastructure"
      ],
      "Industry_name": "Industry Average",
      "Industry_metrics": {
        "Gross margin": {
          "average": 54,
          "year_wise_data": {
            "2018": 30,
            "2019": 70,
            "2020": 85,
            "2021": 55,
            "2022": 60
          }
        },
        "Operating margin": {
          "average": 67,
          "year_wise_data": {
            "2018": 45,
            "2019": 36,
            "2020": 57,
            "2021": 86,
            "2022": 67
          }
        },
        "Profit margin": {
          "average": 73,
          "year_wise_data": {
            "2018": 46,
            "2019": 53,
            "2020": 38,
            "2021": 94,
            "2022": 68
          }
        },
        "Operating income growth rate": {
          "average": 84,
          "year_wise_data": {
            "2018": 78,
            "2019": 63,
            "2020": 56,
            "2021": 87,
            "2022": 56
          }
        }
      },
      "id": "7b00"
    }
  ],
  "company": [
    {
      "id": "db71",
      "user_id": "6523er",
      "company_name": "dss",
      "company_metrics": {
        "Gross margin": {
          "average": 59.8,
          "year_wise_data": {
            "2018": "23",
            "2019": "87",
            "2020": "56",
            "2021": "99",
            "2022": "34"
          }
        },
        "Profit margin": {
          "average": 34.5,
          "year_wise_data": {
            "2018": "23",
            "2019": "3",
            "2020": "45",
            "2021": "",
            "2022": "67"
          }
        },
        "Operating margin": {
          "average": 50,
          "year_wise_data": {
            "2018": "",
            "2019": "78",
            "2020": "",
            "2021": "22",
            "2022": ""
          }
        },
        "Operating income growth rate": {
          "average": 50,
          "year_wise_data": {
            "2018": "24",
            "2019": "",
            "2020": "",
            "2021": "",
            "2022": "76"
          }
        }
      }
    }
  ]
}